unitig	unitig_length	ctg_seqid	ctg_start	ctg_end	strand	source	match_trim
u537	19218	ctg000001c	152845	172063	-	path	0
u3845	1459	ctg000001c	18046	19505	-	path	0
u3841	1456	ctg000001c	18635	20091	-	path	0
u534	1758	ctg000001c	19792	21550	-	path	0
u532	11905	ctg000001c	21496	33401	-	path	0
u530	2792	ctg000001c	32944	35736	-	path	0
u529	3333	ctg000001c	35031	38364	-	path	0
u527	3233	ctg000001c	37703	40936	-	path	0
u3839	1449	ctg000001c	39960	41409	-	path	0
u525	38892	ctg000001c	40815	79707	+	path	0
u530	2792	ctg000001c	79582	82374	-	path	0
u529	3333	ctg000001c	81669	85002	-	path	0
u528	6146	ctg000001c	84341	90487	+	path	0
u541	2529	ctg000001c	90443	92972	+	path	0
u539	1817	ctg000001c	91764	93581	-	path	0
u3842	1379	ctg000001c	92811	94190	-	path	0
u540	22200	ctg000001c	94147	116347	-	path	0
u3842	1379	ctg000001c	116304	117683	+	path	0
u539	1817	ctg000001c	116913	118730	+	path	0
u541	2529	ctg000001c	117522	120051	-	path	0
u538	32886	ctg000001c	120007	152893	-	path	0
u535	22523	ctg000002c	127533	150056	+	path	0
u542	16660	ctg000002c	21318	37978	-	path	0
u544	11476	ctg000002c	37190	48666	+	path	0
u543	34258	ctg000002c	48625	82883	-	path	0
u544	11476	ctg000002c	82095	93571	+	path	0
u536	34580	ctg000002c	93530	128110	-	path	0
u787	52663	ctg000003c	52522	105185	-	path	0
u3896	1371	ctg000003c	51885	53256	+	path	0
