contig_id	start	end	repeat_family	copy_length	pct_identity	strand	distance_to_contig_end	putative_recomb_repeat	note
ctg000001c	5341	6103	fam1	762	100.0	+	5341.0	False	
ctg000001c	6130	6600	fam3	470	96.62	+	6130.0	False	
ctg000001c	6773	6864	fam7	91	100.0	+	6773.0	False	
ctg000001c	19592	19883	fam4	291	100.0	+	19592.0	False	
ctg000001c	22156	22338	fam8	182	93.44	+	22156.0	False	
ctg000001c	26108	27094	fam0	986	100.0	+	26108.0	False	
ctg000001c	27757	27922	fam9	165	100.0	+	27757.0	False	
ctg000001c	30382	30442	fam16	60	100.0	+	30382.0	False	
ctg000001c	37659	38123	fam2	464	93.56	+	37659.0	False	
ctg000001c	39350	39462	fam12	112	100.0	+	39350.0	False	
ctg000001c	71786	71918	fam11	132	100.0	+	71786.0	False	
ctg000001c	78198	78378	fam8	180	93.44	+	78198.0	False	
ctg000001c	81103	81924	fam0	821	100.0	+	81103.0	False	
ctg000001c	82017	82490	fam3	473	96.62	+	82017.0	False	
ctg000001c	82534	82624	fam14	90	98.9	+	82534.0	False	
ctg000001c	90177	90388	fam7	211	100.0	+	90177.0	False	
ctg000001c	99939	100036	fam2	97	100.0	+	99939.0	False	
ctg000001c	103928	103988	fam16	60	100.0	+	103928.0	False	
ctg000001c	106633	106719	fam11	86	94.25	+	106633.0	False	
ctg000001c	127728	128490	fam1	762	100.0	+	97125.0	False	
ctg000001c	128821	129109	fam5	288	97.93	+	96506.0	False	
ctg000001c	132723	132800	fam15	77	94.87	+	92815.0	False	
ctg000001c	136148	136397	fam4	249	96.81	+	89218.0	False	
ctg000001c	139693	139803	fam13	110	100.0	+	85812.0	False	
ctg000001c	147444	147598	fam10	154	100.0	+	78017.0	False	
ctg000001c	152580	152641	fam10	61	100.0	+	72974.0	False	
ctg000001c	159678	159810	fam0	132	100.0	+	65805.0	False	
ctg000001c	159823	160106	fam6	283	99.3	+	65509.0	False	
ctg000001c	160733	160944	fam7	211	100.0	+	64671.0	False	
ctg000001c	171719	172002	fam6	283	99.3	+	53613.0	False	
ctg000001c	178730	178820	fam14	90	98.9	+	46795.0	False	
ctg000001c	181136	181248	fam12	112	100.0	+	44367.0	False	
ctg000001c	190043	190132	fam11	89	100.0	+	35483.0	False	
ctg000001c	190513	190609	fam10	96	100.0	+	35006.0	False	
ctg000001c	191129	191191	fam0	62	100.0	+	34424.0	False	
ctg000001c	191259	191725	fam0	466	99.14	+	33890.0	False	
ctg000001c	204878	205043	fam9	165	100.0	+	20572.0	False	
ctg000001c	211142	211219	fam15	77	94.87	+	14396.0	False	
ctg000001c	213753	214306	fam2	553	100.0	+	11309.0	False	
ctg000001c	217870	218159	fam5	289	97.93	+	7456.0	False	
ctg000001c	224969	225020	fam11	51	100.0	+	595.0	True	circular contig - 'end' is an arbitrary linearisation point, weaker signal
