orf_id	contig_id	start	end	strand	length_aa	pfam_acc	pfam_name	evalue	score	description	category
ORF1	ctg000001c	57957	58658	+	233						no_hit
ORF2	ctg000001c	116640	116981	+	113						no_hit
ORF3	ctg000001c	120681	120998	+	105						no_hit
ORF4	ctg000001c	147957	148271	+	104						no_hit
ORF5	ctg000001c	150165	150485	+	106						no_hit
ORF6	ctg000001c	156840	157301	+	153						no_hit
ORF8	ctg000001c	32755	33063	+	102						no_hit
ORF9	ctg000001c	40348	41439	+	363						no_hit
ORF10	ctg000001c	92323	92658	+	111						no_hit
ORF15	ctg000001c	137236	137625	+	129						no_hit
ORF16	ctg000001c	139792	140139	+	115						no_hit
ORF19	ctg000001c	7619	7927	+	102						no_hit
ORF20	ctg000001c	13433	13849	+	138						no_hit
ORF21	ctg000001c	17525	17890	+	121						no_hit
ORF22	ctg000001c	49271	49585	+	104						no_hit
ORF24	ctg000001c	83087	83425	+	112						no_hit
ORF25	ctg000001c	96023	96358	+	111						no_hit
ORF27	ctg000001c	174194	174502	+	102						no_hit
ORF28	ctg000001c	176903	177244	+	113						no_hit
ORF30	ctg000001c	183941	184246	-	101						no_hit
ORF31	ctg000001c	182795	183118	-	107						no_hit
ORF32	ctg000001c	173993	174352	-	119						no_hit
ORF34	ctg000001c	77666	78019	-	117						no_hit
ORF35	ctg000001c	77114	77461	-	115						no_hit
ORF37	ctg000001c	36167	36595	-	142						no_hit
ORF38	ctg000001c	30287	30592	-	101						no_hit
ORF39	ctg000001c	25121	25738	-	205						no_hit
ORF40	ctg000001c	20900	21211	-	103	PF00146.26	NADHdh	2.3e-08	34.2	NADH dehydrogenase	other_pfam_hit
ORF42	ctg000001c	113440	113754	-	104						no_hit
ORF43	ctg000001c	95812	96192	-	126						no_hit
ORF47	ctg000001c	182547	182873	-	108						no_hit
ORF48	ctg000001c	164427	164792	-	121						no_hit
ORF49	ctg000001c	93570	94124	-	184						no_hit
ORF52	ctg000001c	52155	52469	-	104						no_hit
ORF54	ctg000001c	30933	32132	-	399	PF00361.26	Proton_antipo_M	6.5e-74	249.2	NADH:quinone oxidoreductase/Mrp antiporter, TM	other_pfam_hit
ORF55	ctg000001c	1701	2045	-	114						no_hit
ORF1	ctg000002c	2706	3197	+	163						no_hit
ORF2	ctg000002c	29358	29714	+	118						no_hit
ORF3	ctg000002c	53127	53513	+	128						no_hit
ORF4	ctg000002c	61314	61649	+	111						no_hit
ORF5	ctg000002c	85011	85334	+	107						no_hit
ORF9	ctg000002c	119718	120497	+	259						no_hit
ORF10	ctg000002c	137577	137885	+	102						no_hit
ORF11	ctg000002c	36223	36606	+	127						no_hit
ORF13	ctg000002c	43753	44061	+	102						no_hit
ORF14	ctg000002c	74524	74841	+	105						no_hit
ORF15	ctg000002c	75727	76056	+	109						no_hit
ORF16	ctg000002c	107794	108441	+	215						no_hit
ORF17	ctg000002c	144709	145071	+	120						no_hit
ORF18	ctg000002c	149482	149811	+	109						no_hit
ORF19	ctg000002c	80432	81319	+	295						no_hit
ORF20	ctg000002c	121277	121594	-	105						no_hit
ORF21	ctg000002c	56738	57112	-	124						no_hit
ORF23	ctg000002c	48101	48487	-	128	PF00146.26	NADHdh	1.2e-17	64.6	NADH dehydrogenase	other_pfam_hit
ORF26	ctg000002c	14897	15250	-	117						no_hit
ORF27	ctg000002c	2948	3364	-	138						no_hit
ORF30	ctg000002c	135214	135516	-	100						no_hit
ORF35	ctg000002c	113433	113861	-	142						no_hit
ORF36	ctg000002c	111756	112178	-	140						no_hit
ORF37	ctg000002c	104190	104495	-	101						no_hit
ORF38	ctg000002c	103320	103625	-	101						no_hit
ORF39	ctg000002c	78474	78947	-	157						no_hit
ORF40	ctg000002c	49788	50135	-	115	PF00146.26	NADHdh	2.3e-08	34.2	NADH dehydrogenase	other_pfam_hit
ORF42	ctg000002c	43641	44054	-	137						no_hit
ORF43	ctg000002c	31431	31754	-	107						no_hit
ORF44	ctg000002c	24087	24494	-	135						no_hit
ORF45	ctg000002c	2556	2978	-	140						no_hit
